-- Hotel e Dados Básicos
INSERT INTO hotel (nome, cnpj) VALUES ('Horizon Luxury Resort', '27164580000109');
INSERT INTO endereco (hotel_id, cep, rua, numero, bairro, cidade, estado) VALUES (1, '55290000', 'Av. Rui Barbosa', '1000', 'Heliópolis', 'Garanhuns', 'PE');
INSERT INTO email_hotel (hotel_id, email) VALUES (1, 'reservas@horizon.com.br');
INSERT INTO email_hotel (hotel_id, email) VALUES (1, 'admin@horizon.com.br');
INSERT INTO telefone_hotel (hotel_id, telefone) VALUES (1, '8737620000');
INSERT INTO telefone_hotel (hotel_id, telefone) VALUES (1, '87999998888');

-- Categorias
INSERT INTO categoria (nome, preco_diaria, capacidade) VALUES 
('Standard', 150.0, 2),
('Superior', 250.0, 3),
('Luxo', 450.0, 4),
('Presidencial', 1200.0, 5);

-- Comodidades
INSERT INTO comodidade (nome) VALUES ('Wi-Fi');
INSERT INTO comodidade (nome) VALUES ('Ar Condicionado');
INSERT INTO comodidade (nome) VALUES ('Frigobar');
INSERT INTO comodidade (nome) VALUES ('Smart TV');
INSERT INTO comodidade (nome) VALUES ('Banheira');
INSERT INTO comodidade (nome) VALUES ('Vista Mar');
INSERT INTO comodidade (nome) VALUES ('Cofre');
INSERT INTO comodidade (nome) VALUES ('Varanda');

-- Serviços Adicionais
INSERT INTO servico_adicional (nome_servico, descricao, preco) VALUES ('Café da Manhã no Quarto', 'Completo', 50.0);
INSERT INTO servico_adicional (nome_servico, descricao, preco) VALUES ('Massagem Relaxante', '1 hora', 120.0);
INSERT INTO servico_adicional (nome_servico, descricao, preco) VALUES ('Translado Aeroporto', 'Ida e volta', 80.0);
INSERT INTO servico_adicional (nome_servico, descricao, preco) VALUES ('Jantar Romântico', 'Vinho incluso', 300.0);
INSERT INTO servico_adicional (nome_servico, descricao, preco) VALUES ('Lavanderia Express', 'Por peça', 15.0);

-- Usuários (Clientes)
INSERT INTO users (email, password_hash, role) VALUES 
('qmoraes@example.org', '$2a$10$dummyHashExemplo123456', 'CLIENTE'),
('ana-ceciliaribeiro@example.com', '$2a$10$dummyHashExemplo123456', 'CLIENTE'),
('pda-luz@example.net', '$2a$10$dummyHashExemplo123456', 'CLIENTE'),
('avieira@example.org', '$2a$10$dummyHashExemplo123456', 'CLIENTE'),
('sousamaria-helena@example.net', '$2a$10$dummyHashExemplo123456', 'CLIENTE'),
('qcavalcanti@example.com', '$2a$10$dummyHashExemplo123456', 'CLIENTE'),
('leandro04@example.org', '$2a$10$dummyHashExemplo123456', 'CLIENTE'),
('lucas-gabriel93@example.org', '$2a$10$dummyHashExemplo123456', 'CLIENTE'),
('gviana@example.org', '$2a$10$dummyHashExemplo123456', 'CLIENTE'),
('silvaravi@example.net', '$2a$10$dummyHashExemplo123456', 'CLIENTE'),
('camarajade@example.com', '$2a$10$dummyHashExemplo123456', 'CLIENTE'),
('raquel06@example.net', '$2a$10$dummyHashExemplo123456', 'CLIENTE'),
('paulo21@example.com', '$2a$10$dummyHashExemplo123456', 'CLIENTE'),
('cunhavitor-hugo@example.com', '$2a$10$dummyHashExemplo123456', 'CLIENTE'),
('carlos-eduardocirino@example.org', '$2a$10$dummyHashExemplo123456', 'CLIENTE'),
('natalia16@example.net', '$2a$10$dummyHashExemplo123456', 'CLIENTE'),
('claricemelo@example.com', '$2a$10$dummyHashExemplo123456', 'CLIENTE'),
('rmartins@example.org', '$2a$10$dummyHashExemplo123456', 'CLIENTE'),
('biancamendes@example.net', '$2a$10$dummyHashExemplo123456', 'CLIENTE'),
('valentimmarques@example.org', '$2a$10$dummyHashExemplo123456', 'CLIENTE'),
('ravi-luccavargas@example.org', '$2a$10$dummyHashExemplo123456', 'CLIENTE'),
('pintomanuela@example.com', '$2a$10$dummyHashExemplo123456', 'CLIENTE'),
('giovannamonteiro@example.com', '$2a$10$dummyHashExemplo123456', 'CLIENTE'),
('mariana77@example.com', '$2a$10$dummyHashExemplo123456', 'CLIENTE'),
('ana-cecilia35@example.com', '$2a$10$dummyHashExemplo123456', 'CLIENTE'),
('mariacorreia@example.org', '$2a$10$dummyHashExemplo123456', 'CLIENTE'),
('pachecoanthony-gabriel@example.net', '$2a$10$dummyHashExemplo123456', 'CLIENTE'),
('carvalhopietro@example.net', '$2a$10$dummyHashExemplo123456', 'CLIENTE'),
('maria-sophiada-cunha@example.org', '$2a$10$dummyHashExemplo123456', 'CLIENTE'),
('sampaiobreno@example.com', '$2a$10$dummyHashExemplo123456', 'CLIENTE'),
('brendafogaca@example.com', '$2a$10$dummyHashExemplo123456', 'CLIENTE'),
('rmontenegro@example.com', '$2a$10$dummyHashExemplo123456', 'CLIENTE'),
('marianamoraes@example.org', '$2a$10$dummyHashExemplo123456', 'CLIENTE'),
('cirinopedro@example.net', '$2a$10$dummyHashExemplo123456', 'CLIENTE'),
('joao-vitorda-costa@example.com', '$2a$10$dummyHashExemplo123456', 'CLIENTE'),
('zsa@example.com', '$2a$10$dummyHashExemplo123456', 'CLIENTE'),
('valbuquerque@example.net', '$2a$10$dummyHashExemplo123456', 'CLIENTE'),
('emilly91@example.net', '$2a$10$dummyHashExemplo123456', 'CLIENTE'),
('alexandreda-rosa@example.net', '$2a$10$dummyHashExemplo123456', 'CLIENTE'),
('vasconcelosenzo@example.org', '$2a$10$dummyHashExemplo123456', 'CLIENTE'),
('xfernandes@example.org', '$2a$10$dummyHashExemplo123456', 'CLIENTE'),
('luan49@example.com', '$2a$10$dummyHashExemplo123456', 'CLIENTE'),
('ravy79@example.net', '$2a$10$dummyHashExemplo123456', 'CLIENTE'),
('uduarte@example.org', '$2a$10$dummyHashExemplo123456', 'CLIENTE'),
('bento84@example.org', '$2a$10$dummyHashExemplo123456', 'CLIENTE'),
('kcavalcante@example.com', '$2a$10$dummyHashExemplo123456', 'CLIENTE'),
('ayllaramos@example.org', '$2a$10$dummyHashExemplo123456', 'CLIENTE'),
('luigi88@example.net', '$2a$10$dummyHashExemplo123456', 'CLIENTE'),
('aragaomaria-sophia@example.net', '$2a$10$dummyHashExemplo123456', 'CLIENTE'),
('danilopastor@example.com', '$2a$10$dummyHashExemplo123456', 'CLIENTE');

-- Clientes
INSERT INTO cliente (user_id, cpf, nome, data_nascimento, telefone) VALUES 
(1, '03624197878', 'Gael Aparecida', '1994-02-19', '+55043963817115'),
(2, '31724968050', 'Sr. Lucca Peixoto', '1988-02-19', '+5590922866300'),
(3, '16853794273', 'Bruno Aragão', '1965-09-06', '+5546972993161'),
(4, '51834096251', 'Erick Montenegro', '1961-04-15', '+5547920250675'),
(5, '24810957667', 'Francisco Silva', '1961-07-26', '+5543950199988'),
(6, '64537082992', 'Bruno Ferreira', '2006-10-11', '+5580999297947'),
(7, '57891026467', 'Ana Beatriz Teixeira', '1962-03-17', '+5593943439548'),
(8, '13259068759', 'Sra. Laura Albuquerque', '1965-06-02', '+55023967939940'),
(9, '75640839210', 'Liam Rezende', '2003-09-09', '+5525944341244'),
(10, '60213794896', 'Luiz Felipe Siqueira', '1965-02-08', '+5556920586167'),
(11, '79210643534', 'Dr. Vitor Hugo Guerra', '1963-02-23', '+5551988274844'),
(12, '93106527480', 'João Lucas da Rocha', '1996-05-16', '+5559947457464'),
(13, '47328901640', 'Sr. Raul Novaes', '1980-03-31', '+5532921146594'),
(14, '08137259414', 'Isis Vieira', '2006-02-24', '+5564963537443'),
(15, '67493012822', 'Heitor Almeida', '1958-01-29', '+5538934657161'),
(16, '51348629070', 'Henrique Camargo', '1971-06-04', '+5585961000509'),
(17, '28450179360', 'Sabrina Cunha', '1981-08-01', '+5596978170836'),
(18, '12385709414', 'Maria Luísa Barbosa', '1995-04-08', '+5527987536016'),
(19, '41386572900', 'Maria Liz da Rocha', '1950-09-05', '+5515947782476'),
(20, '70564982130', 'Dr. Anthony Gabriel Nogueira', '1985-06-17', '+5562915020505'),
(21, '50624713970', 'Luigi Porto', '1964-01-03', '+5502974484005'),
(22, '15397284637', 'Sr. Caio Vargas', '1967-08-10', '+5531963442991'),
(23, '58264970176', 'Natália Sá', '2002-08-23', '+5531911129820'),
(24, '47196850300', 'Daniel Souza', '1973-02-18', '+5564938003173'),
(25, '52430179652', 'Maria Julia Montenegro', '1991-12-27', '+5588946458617'),
(26, '84639015739', 'Sra. Daniela Casa Grande', '1985-04-15', '+5518978225400'),
(27, '18057293497', 'José Pedro Duarte', '1948-04-19', '+55064909956209'),
(28, '31457892600', 'Leonardo da Luz', '1957-04-25', '+55090994833414'),
(29, '84295317004', 'Yasmin Montenegro', '2003-04-13', '+5506925279527'),
(30, '53106284790', 'Aurora da Luz', '2006-10-22', '+5556954100852'),
(31, '18063974557', 'Rhavi Siqueira', '1960-01-11', '+5570999861991'),
(32, '13590267461', 'Dra. Maria Júlia Albuquerque', '1967-11-21', '+5526984198147'),
(33, '31790682568', 'Maria Isis Ramos', '1970-08-19', '+5524976274046'),
(34, '40852137680', 'Vinícius Pires', '1963-04-01', '+5586943340837'),
(35, '09516823424', 'Laura Castro', '1983-07-24', '+5511942096008'),
(36, '49637052810', 'Ravi Rodrigues', '1979-11-11', '+5552981839785'),
(37, '47251896346', 'João Peixoto', '1973-10-23', '+5549958962561'),
(38, '67251409399', 'Dra. Giovanna Pinto', '1966-03-11', '+5571984737842'),
(39, '42598170601', 'Kamilly Caldeira', '1964-07-10', '+5517960996133'),
(40, '91568403224', 'Enrico Teixeira', '1961-11-06', '+55040939164196'),
(41, '35164089289', 'Ana Vitória Rezende', '1957-04-14', '+5532955056263'),
(42, '01956873457', 'Felipe Abreu', '1971-06-27', '+5511977090404'),
(43, '52039617434', 'Ana Laura Vasconcelos', '1972-05-20', '+5561986993714'),
(44, '72938516002', 'Lucas Pastor', '1987-04-26', '+5508939050488'),
(45, '07541923850', 'Théo Monteiro', '1997-06-18', '+5557925798974'),
(46, '47586130957', 'Thales Machado', '1988-07-17', '+5592941558013'),
(47, '93401685260', 'Gustavo Henrique Moreira', '1946-02-09', '+5530943840660'),
(48, '65249801749', 'Isabella Campos', '2007-10-24', '+5519911507262'),
(49, '59201476876', 'Luiz Felipe Rezende', '1998-09-21', '+5568979557274'),
(50, '18504972658', 'Eduardo Andrade', '1970-08-08', '+55066995902889');

-- Usuários (Funcionários)
INSERT INTO users (email, password_hash, role) VALUES 
('carlos.gerencia@horizon.com', '$2a$10$dummyHash', 'GERENTE'),
('marta.recepcao@horizon.com', '$2a$10$dummyHash', 'FUNCIONARIO'),
('pedro.recepcao@horizon.com', '$2a$10$dummyHash', 'FUNCIONARIO'),
('julia.camareira@horizon.com', '$2a$10$dummyHash', 'FUNCIONARIO'),
('fernando.manutencao@horizon.com', '$2a$10$dummyHash', 'FUNCIONARIO'),
('roberto.manutencao@horizon.com', '$2a$10$dummyHash', 'FUNCIONARIO'),
('silvia.camareira@horizon.com', '$2a$10$dummyHash', 'FUNCIONARIO'),
('lucas.recepcao@horizon.com', '$2a$10$dummyHash', 'FUNCIONARIO'),
('patricia.camareira@horizon.com', '$2a$10$dummyHash', 'FUNCIONARIO'),
('marcos.gerencia@horizon.com', '$2a$10$dummyHash', 'GERENTE');

-- Funcionários
INSERT INTO funcionario (user_id, cpf, hotel_id, nome, cargo, salario) VALUES 
(51, '12345678901', 1, 'Carlos Silva', 'GERENTE', 4500.00),
(52, '23456789012', 1, 'Marta Souza', 'RECEPCIONISTA', 2500.00),
(53, '34567890123', 1, 'Pedro Alves', 'RECEPCIONISTA', 2500.00),
(54, '45678901234', 1, 'Júlia Lima', 'CAMAREIRA', 1800.00),
(55, '56789012345', 1, 'Fernando Costa', 'MANUTENCAO', 2600.00),
(56, '67890123456', 1, 'Roberto Dias', 'MANUTENCAO', 2600.00),
(57, '78901234567', 1, 'Sílvia Rocha', 'CAMAREIRA', 1800.00),
(58, '89012345678', 1, 'Lucas Martins', 'RECEPCIONISTA', 2500.00),
(59, '90123456789', 1, 'Patrícia Gomes', 'CAMAREIRA', 1800.00),
(60, '01234567890', 1, 'Marcos Ribeiro', 'GERENTE', 4500.00);

-- Quartos
INSERT INTO quarto (hotel_id, categoria_id, numero, status, area) VALUES 
(1, 3, '101', 'LIMPEZA', 26.00),
(1, 1, '102', 'DISPONIVEL', 22.00),
(1, 4, '103', 'OCUPADO', 55.00),
(1, 1, '104', 'DISPONIVEL', 39.00),
(1, 1, '105', 'DISPONIVEL', 36.00),
(1, 1, '106', 'OCUPADO', 25.00),
(1, 3, '107', 'DISPONIVEL', 39.00),
(1, 4, '108', 'LIMPEZA', 42.00),
(1, 4, '109', 'OCUPADO', 34.00),
(1, 1, '110', 'DISPONIVEL', 29.00),
(1, 4, '111', 'LIMPEZA', 45.00),
(1, 1, '112', 'OCUPADO', 46.00),
(1, 3, '113', 'LIMPEZA', 57.00),
(1, 4, '114', 'DISPONIVEL', 36.00),
(1, 1, '115', 'DISPONIVEL', 60.00),
(1, 2, '116', 'DISPONIVEL', 43.00),
(1, 4, '117', 'DISPONIVEL', 40.00),
(1, 4, '118', 'DISPONIVEL', 25.00),
(1, 4, '119', 'OCUPADO', 30.00),
(1, 3, '120', 'DISPONIVEL', 28.00),
(1, 2, '121', 'DISPONIVEL', 29.00),
(1, 4, '122', 'LIMPEZA', 41.00),
(1, 3, '123', 'OCUPADO', 52.00),
(1, 3, '124', 'LIMPEZA', 40.00),
(1, 4, '125', 'LIMPEZA', 37.00),
(1, 3, '126', 'OCUPADO', 22.00),
(1, 2, '127', 'DISPONIVEL', 39.00),
(1, 3, '128', 'DISPONIVEL', 55.00),
(1, 4, '129', 'LIMPEZA', 34.00),
(1, 4, '130', 'OCUPADO', 43.00),
(1, 1, '131', 'MANUTENCAO', 28.00),
(1, 2, '132', 'DISPONIVEL', 32.00),
(1, 3, '133', 'OCUPADO', 48.00),
(1, 1, '134', 'DISPONIVEL', 24.00),
(1, 2, '135', 'LIMPEZA', 35.00),
(1, 4, '136', 'DISPONIVEL', 50.00),
(1, 1, '137', 'OCUPADO', 27.00),
(1, 3, '138', 'DISPONIVEL', 44.00),
(1, 2, '139', 'MANUTENCAO', 31.00),
(1, 4, '140', 'DISPONIVEL', 58.00),
(1, 1, '141', 'LIMPEZA', 26.00),
(1, 3, '142', 'OCUPADO', 41.00),
(1, 2, '143', 'DISPONIVEL', 33.00),
(1, 4, '144', 'DISPONIVEL', 52.00),
(1, 1, '145', 'OCUPADO', 29.00),
(1, 2, '146', 'LIMPEZA', 38.00),
(1, 3, '147', 'DISPONIVEL', 47.00),
(1, 4, '148', 'MANUTENCAO', 60.00),
(1, 1, '149', 'DISPONIVEL', 25.00),
(1, 2, '150', 'OCUPADO', 36.00);

-- Comodidades dos Quartos
INSERT INTO quarto_comodidade (quarto_id, comodidade_id) VALUES 
(1, 1), (2, 2), (3, 3), (4, 4), (5, 5),
(6, 6), (7, 7), (8, 8), (9, 1), (10, 2),
(11, 3), (12, 4), (13, 5), (14, 6), (15, 7),
(16, 8), (17, 1), (18, 2), (19, 3), (20, 4),
(21, 5), (22, 6), (23, 7), (24, 8), (25, 1),
(26, 2), (27, 3), (28, 4), (29, 5), (30, 6),
(31, 7), (32, 8), (33, 1), (34, 2), (35, 3),
(36, 4), (37, 5), (38, 6), (39, 7), (40, 8),
(41, 1), (42, 2), (43, 3), (44, 4), (45, 5),
(46, 6), (47, 7), (48, 8), (49, 1), (50, 2);

-- Reservas
INSERT INTO reserva (cliente_id, data_reserva, data_checkin_previsto, data_checkout_previsto, status_reserva) VALUES 
(1, '2026-01-02', '2026-01-10', '2026-01-15', 'CONCLUIDA'),
(2, '2026-01-03', '2026-01-12', '2026-01-18', 'CONCLUIDA'),
(3, '2026-01-05', '2026-01-20', '2026-01-25', 'CONCLUIDA'),
(4, '2026-01-08', '2026-01-15', '2026-01-17', 'CANCELADA'),
(5, '2026-01-10', '2026-02-01', '2026-02-10', 'CONCLUIDA'),
(6, '2026-01-12', '2026-02-05', '2026-02-08', 'CONCLUIDA'),
(7, '2026-01-15', '2026-02-10', '2026-02-15', 'CANCELADA'),
(8, '2026-01-18', '2026-02-20', '2026-02-25', 'CONCLUIDA'),
(9, '2026-01-20', '2026-02-22', '2026-02-28', 'CONCLUIDA'),
(10, '2026-01-25', '2026-03-01', '2026-03-05', 'CONCLUIDA'),
(11, '2026-01-28', '2026-03-10', '2026-03-15', 'CONCLUIDA'),
(12, '2026-02-01', '2026-03-15', '2026-03-20', 'CONFIRMADA'),
(13, '2026-02-02', '2026-03-18', '2026-03-22', 'CONFIRMADA'),
(14, '2026-02-05', '2026-03-25', '2026-03-30', 'CANCELADA'),
(15, '2026-02-10', '2026-04-01', '2026-04-10', 'CONFIRMADA'),
(16, '2026-02-12', '2026-04-05', '2026-04-12', 'CONFIRMADA'),
(17, '2026-02-15', '2026-04-15', '2026-04-20', 'PENDENTE'),
(18, '2026-02-18', '2026-04-22', '2026-04-25', 'PENDENTE'),
(19, '2026-02-20', '2026-05-01', '2026-05-05', 'CONFIRMADA'),
(20, '2026-02-25', '2026-05-10', '2026-05-15', 'PENDENTE'),
(21, '2026-02-26', '2026-05-20', '2026-05-25', 'CANCELADA'),
(22, '2026-03-01', '2026-06-01', '2026-06-10', 'PENDENTE'),
(23, '2026-03-05', '2026-06-15', '2026-06-20', 'PENDENTE'),
(24, '2026-03-10', '2026-07-01', '2026-07-05', 'PENDENTE'),
(25, '2026-03-12', '2026-07-10', '2026-07-15', 'CONFIRMADA'),
(26, '2026-03-15', '2026-07-20', '2026-07-25', 'PENDENTE'),
(27, '2026-03-20', '2026-08-01', '2026-08-10', 'PENDENTE'),
(28, '2026-03-25', '2026-08-15', '2026-08-20', 'CANCELADA'),
(29, '2026-04-01', '2026-09-01', '2026-09-05', 'PENDENTE'),
(30, '2026-04-05', '2026-09-10', '2026-09-15', 'PENDENTE'),
(31, '2026-04-10', '2026-09-20', '2026-09-25', 'PENDENTE'),
(32, '2026-04-15', '2026-10-01', '2026-10-10', 'PENDENTE'),
(33, '2026-04-20', '2026-10-15', '2026-10-20', 'PENDENTE'),
(34, '2026-04-25', '2026-11-01', '2026-11-05', 'PENDENTE'),
(35, '2026-05-01', '2026-11-10', '2026-11-15', 'PENDENTE'),
(36, '2026-05-05', '2026-11-20', '2026-11-25', 'PENDENTE'),
(37, '2026-05-10', '2026-12-01', '2026-12-10', 'PENDENTE'),
(38, '2026-05-15', '2026-12-15', '2026-12-20', 'PENDENTE'),
(39, '2026-05-20', '2026-12-25', '2026-12-30', 'PENDENTE'),
(40, '2026-06-01', '2027-01-05', '2027-01-10', 'PENDENTE'),
(41, '2026-06-05', '2027-01-15', '2027-01-20', 'PENDENTE'),
(42, '2026-06-10', '2027-02-01', '2027-02-10', 'PENDENTE'),
(43, '2026-06-15', '2027-02-15', '2027-02-20', 'PENDENTE'),
(44, '2026-06-20', '2027-03-01', '2027-03-05', 'PENDENTE'),
(45, '2026-07-01', '2027-03-10', '2027-03-15', 'PENDENTE'),
(46, '2026-07-05', '2027-03-20', '2027-03-25', 'PENDENTE'),
(47, '2026-07-10', '2027-04-01', '2027-04-10', 'PENDENTE'),
(48, '2026-07-15', '2027-04-15', '2027-04-20', 'PENDENTE'),
(49, '2026-07-20', '2027-05-01', '2027-05-05', 'PENDENTE'),
(50, '2026-08-01', '2027-05-10', '2027-05-15', 'PENDENTE'),
(1, '2026-08-05', '2027-06-01', '2027-06-10', 'PENDENTE'),
(2, '2026-08-10', '2027-06-15', '2027-06-20', 'PENDENTE'),
(3, '2026-08-15', '2027-07-01', '2027-07-05', 'PENDENTE'),
(4, '2026-08-20', '2027-07-10', '2027-07-15', 'PENDENTE'),
(5, '2026-09-01', '2027-08-01', '2027-08-10', 'PENDENTE'),
(6, '2026-09-05', '2027-08-15', '2027-08-20', 'PENDENTE'),
(7, '2026-09-10', '2027-09-01', '2027-09-05', 'PENDENTE'),
(8, '2026-09-15', '2027-09-10', '2027-09-15', 'PENDENTE'),
(9, '2026-09-20', '2027-10-01', '2027-10-10', 'PENDENTE'),
(10, '2026-10-01', '2027-10-15', '2027-10-20', 'PENDENTE');

-- Quartos das Reservas
INSERT INTO reserva_quarto (reserva_id, quarto_id) VALUES 
(1, 1), (2, 2), (3, 3), (4, 4), (5, 5),
(6, 6), (7, 7), (8, 8), (9, 9), (10, 10),
(11, 11), (12, 12), (13, 13), (14, 14), (15, 15),
(16, 16), (17, 17), (18, 18), (19, 19), (20, 20),
(21, 21), (22, 22), (23, 23), (24, 24), (25, 25),
(26, 26), (27, 27), (28, 28), (29, 29), (30, 30),
(31, 31), (32, 32), (33, 33), (34, 34), (35, 35),
(36, 36), (37, 37), (38, 38), (39, 39), (40, 40),
(41, 41), (42, 42), (43, 43), (44, 44), (45, 45),
(46, 46), (47, 47), (48, 48), (49, 49), (50, 50),
(51, 1), (52, 2), (53, 3), (54, 4), (55, 5),
(56, 6), (57, 7), (58, 8), (59, 9), (60, 10);

-- Serviços Adicionais das Reservas
INSERT INTO reserva_servico (reserva_id, servico_adicional_id, quantidade) VALUES 
(1, 1, 2), (1, 4, 1),
(2, 2, 1), (2, 5, 3),
(3, 3, 2),
(4, 1, 1), (4, 2, 1),
(5, 4, 1),
(6, 1, 3), (6, 5, 2),
(7, 2, 1),
(8, 3, 2), (8, 4, 1),
(9, 1, 2),
(10, 5, 4), (10, 2, 1),
(11, 1, 1), (11, 3, 2),
(12, 4, 1),
(13, 2, 2), (13, 5, 1),
(14, 1, 3),
(15, 3, 1), (15, 4, 1),
(16, 2, 1),
(17, 1, 2), (17, 5, 2),
(18, 3, 1),
(19, 4, 2), (19, 2, 1),
(20, 1, 1),
(21, 5, 3), (21, 3, 1),
(22, 2, 1),
(23, 1, 2), (23, 4, 1),
(24, 3, 2),
(25, 5, 1), (25, 2, 1),
(26, 1, 4),
(27, 4, 1), (27, 3, 1),
(28, 2, 2),
(29, 1, 1), (29, 5, 2),
(30, 3, 1),
(31, 4, 2), (31, 2, 1),
(32, 1, 2),
(33, 5, 1);

-- Hospedagens
INSERT INTO hospedagem (reserva_id, cliente_id, data_checkin_real, data_checkout_real) VALUES 
(1, 1, '2026-01-10 14:00:00', '2026-01-15 11:00:00'),
(2, 2, '2026-01-12 15:30:00', '2026-01-18 10:00:00'),
(3, 3, '2026-01-20 14:15:00', '2026-01-25 09:30:00'),
(5, 5, '2026-02-01 16:00:00', '2026-02-10 08:45:00'),
(6, 6, '2026-02-05 13:40:00', '2026-02-08 10:00:00'),
(8, 8, '2026-02-20 14:00:00', '2026-02-25 08:30:00'),
(9, 9, '2026-02-22 17:00:00', '2026-02-28 11:45:00'),
(10, 10, '2026-03-01 15:10:00', '2026-03-05 09:20:00'),
(11, 11, '2026-03-10 14:50:00', '2026-03-15 10:10:00'),
(12, 12, '2026-03-15 14:00:00', '2026-03-20 11:00:00'),
(13, 13, '2026-03-18 16:20:00', '2026-03-22 08:00:00'),
(15, 15, '2026-04-01 15:45:00', '2026-04-10 10:30:00'),
(16, 16, '2026-04-05 14:30:00', '2026-04-12 09:00:00'),
(17, 17, '2026-04-15 13:50:00', '2026-04-20 11:15:00'),
(18, 18, '2026-04-22 15:00:00', '2026-04-25 08:45:00'),
(19, 19, '2026-05-01 14:10:00', '2026-05-05 10:20:00'),
(20, 20, '2026-05-10 16:30:00', '2026-05-15 09:10:00'),
(22, 22, '2026-06-01 15:20:00', '2026-06-10 11:30:00'),
(23, 23, '2026-06-15 14:40:00', '2026-06-20 08:50:00'),
(24, 24, '2026-07-01 15:00:00', '2026-07-05 10:00:00'),
(25, 25, '2026-07-10 16:15:00', '2026-07-15 09:40:00'),
(26, 26, '2026-07-20 14:05:00', '2026-07-25 11:20:00'),
(27, 27, '2026-08-01 15:50:00', '2026-08-10 08:30:00'),
(29, 29, '2026-09-01 14:25:00', '2026-09-05 10:15:00'),
(30, 30, '2026-09-10 16:00:00', '2026-09-15 09:00:00'),
(31, 31, '2026-09-20 15:10:00', '2026-09-25 11:45:00'),
(32, 32, '2026-10-01 14:35:00', '2026-10-10 10:30:00'),
(33, 33, '2026-10-15 16:40:00', '2026-10-20 08:20:00'),
(34, 34, '2026-11-01 15:00:00', '2026-11-05 09:50:00'),
(35, 35, '2026-11-10 14:15:00', '2026-11-15 11:10:00'),
(36, 36, '2026-11-20 15:55:00', '2026-11-25 10:00:00'),
(37, 37, '2026-12-01 14:45:00', '2026-12-10 08:40:00'),
(38, 38, '2026-12-15 16:10:00', '2026-12-20 11:30:00'),
(39, 39, '2026-12-25 15:20:00', '2026-12-30 09:20:00'),
(40, 40, '2027-01-05 14:00:00', '2027-01-10 10:10:00'),
-- Hóspedes Walk-in (Sem reserva prévia, reserva_id = NULL)
(NULL, 41, '2026-01-15 18:00:00', '2026-01-16 09:00:00'),
(NULL, 42, '2026-02-10 20:30:00', '2026-02-12 11:00:00'),
(NULL, 43, '2026-03-05 19:15:00', '2026-03-07 08:30:00'),
(NULL, 44, '2026-04-20 21:00:00', '2026-04-22 10:45:00'),
(NULL, 45, '2026-05-18 17:40:00', '2026-05-20 09:20:00'),
(NULL, 46, '2026-06-25 22:10:00', '2026-06-28 11:15:00'),
(NULL, 47, '2026-07-30 16:50:00', '2026-08-02 08:10:00'),
(NULL, 48, '2026-08-12 18:25:00', '2026-08-15 10:00:00'),
(NULL, 49, '2026-09-08 20:00:00', '2026-09-10 09:30:00'),
(NULL, 50, '2026-10-22 19:30:00', '2026-10-25 11:45:00'),
-- Hóspedes atuais (Ainda não fizeram checkout)
(NULL, 1, '2027-02-01 14:00:00', NULL),
(NULL, 2, '2027-02-05 15:30:00', NULL),
(NULL, 3, '2027-02-10 16:15:00', NULL),
(NULL, 4, '2027-02-15 14:45:00', NULL),
(NULL, 5, '2027-02-20 18:00:00', NULL);

-- Quartos das Hospedagens
INSERT INTO hospedagem_quarto (hospedagem_id, quarto_id) VALUES 
(1, 1), (2, 2), (3, 3), (4, 5), (5, 6),
(6, 8), (7, 9), (8, 10), (9, 11), (10, 12),
(11, 13), (12, 15), (13, 16), (14, 17), (15, 18),
(16, 19), (17, 20), (18, 22), (19, 23), (20, 24),
(21, 25), (22, 26), (23, 27), (24, 29), (25, 30),
(26, 31), (27, 32), (28, 33), (29, 34), (30, 35),
(31, 36), (32, 37), (33, 38), (34, 39), (35, 40),
(36, 41), (37, 42), (38, 43), (39, 44), (40, 45),
(41, 46), (42, 47), (43, 48), (44, 49), (45, 50),
(46, 1), (47, 2), (48, 3), (49, 4), (50, 5);

-- Pagamentos
INSERT INTO pagamento (hospedagem_id, reserva_id, valor_total, data_pagamento, metodo_pagamento, status_pagamento) VALUES 
-- Pagamentos vinculados ao Check-out (hospedagem_id preenchido, reserva_id nulo)
(1, NULL, 1250.00, '2026-01-15 11:15:00', 'PIX', 'CONCLUIDO'),
(2, NULL, 2100.00, '2026-01-18 10:05:00', 'CARTAO_CREDITO', 'CONCLUIDO'),
(3, NULL, 1850.50, '2026-01-25 09:40:00', 'CARTAO_DEBITO', 'CONCLUIDO'),
(4, NULL, 3200.00, '2026-02-10 08:50:00', 'CARTAO_CREDITO', 'CONCLUIDO'),
(5, NULL, 850.00, '2026-02-08 10:10:00', 'PIX', 'CONCLUIDO'),
(6, NULL, 1420.00, '2026-02-25 08:45:00', 'DINHEIRO', 'CONCLUIDO'),
(7, NULL, 2800.00, '2026-02-28 11:55:00', 'CARTAO_CREDITO', 'CONCLUIDO'),
(8, NULL, 1600.00, '2026-03-05 09:30:00', 'PIX', 'CONCLUIDO'),
(9, NULL, 1950.00, '2026-03-15 10:15:00', 'CARTAO_DEBITO', 'CONCLUIDO'),
(10, NULL, 2200.00, '2026-03-20 11:10:00', 'CARTAO_CREDITO', 'CONCLUIDO'),
(11, NULL, 1100.00, '2026-03-22 08:15:00', 'PIX', 'CONCLUIDO'),
(12, NULL, 3450.00, '2026-04-10 10:45:00', 'CARTAO_CREDITO', 'CONCLUIDO'),
(13, NULL, 2750.00, '2026-04-12 09:15:00', 'PIX', 'CONCLUIDO'),
(14, NULL, 1850.00, '2026-04-20 11:25:00', 'DINHEIRO', 'CONCLUIDO'),
(15, NULL, 900.00, '2026-04-25 08:55:00', 'CARTAO_DEBITO', 'CONCLUIDO'),
(16, NULL, 1300.00, '2026-05-05 10:30:00', 'PIX', 'CONCLUIDO'),
(17, NULL, 1750.00, '2026-05-15 09:20:00', 'CARTAO_CREDITO', 'CONCLUIDO'),
(18, NULL, 4100.00, '2026-06-10 11:45:00', 'CARTAO_CREDITO', 'CONCLUIDO'),
(19, NULL, 2500.00, '2026-06-20 09:05:00', 'PIX', 'CONCLUIDO'),
(20, NULL, 1650.00, '2026-07-05 10:15:00', 'CARTAO_DEBITO', 'CONCLUIDO'),
(21, NULL, 2350.00, '2026-07-15 09:55:00', 'PIX', 'CONCLUIDO'),
(22, NULL, 1900.00, '2026-07-25 11:30:00', 'CARTAO_CREDITO', 'CONCLUIDO'),
(23, NULL, 3100.00, '2026-08-10 08:45:00', 'DINHEIRO', 'CONCLUIDO'),
(24, NULL, 1200.00, '2026-09-05 10:25:00', 'PIX', 'CONCLUIDO'),
(25, NULL, 1800.00, '2026-09-15 09:15:00', 'CARTAO_CREDITO', 'CONCLUIDO'),
-- Pagamentos antecipados de Reservas (reserva_id preenchido, hospedagem_id nulo)
(NULL, 26, 450.00, '2026-03-15 14:00:00', 'PIX', 'CONCLUIDO'),
(NULL, 27, 800.00, '2026-03-20 10:30:00', 'CARTAO_CREDITO', 'PENDENTE'),
(NULL, 28, 550.00, '2026-03-25 11:00:00', 'CARTAO_DEBITO', 'ESTORNADO'),
(NULL, 29, 900.00, '2026-04-01 09:15:00', 'PIX', 'CONCLUIDO'),
(NULL, 30, 1200.00, '2026-04-05 16:45:00', 'CARTAO_CREDITO', 'CONCLUIDO'),
(NULL, 31, 350.00, '2026-04-10 14:20:00', 'PIX', 'PENDENTE'),
(NULL, 32, 600.00, '2026-04-15 08:30:00', 'CARTAO_CREDITO', 'CONCLUIDO'),
(NULL, 33, 750.00, '2026-04-20 10:10:00', 'CARTAO_DEBITO', 'CONCLUIDO'),
(NULL, 34, 1100.00, '2026-04-25 11:50:00', 'PIX', 'ESTORNADO'),
(NULL, 35, 850.00, '2026-05-01 15:30:00', 'CARTAO_CREDITO', 'CONCLUIDO'),
(NULL, 36, 400.00, '2026-05-05 09:40:00', 'PIX', 'PENDENTE'),
(NULL, 37, 950.00, '2026-05-10 14:15:00', 'CARTAO_CREDITO', 'CONCLUIDO'),
(NULL, 38, 1300.00, '2026-05-15 16:05:00', 'CARTAO_DEBITO', 'CONCLUIDO'),
(NULL, 39, 500.00, '2026-05-20 10:25:00', 'PIX', 'CONCLUIDO'),
(NULL, 40, 1050.00, '2026-06-01 11:35:00', 'CARTAO_CREDITO', 'PENDENTE'),
(NULL, 41, 700.00, '2026-06-05 08:50:00', 'PIX', 'CONCLUIDO'),
(NULL, 42, 850.00, '2026-06-10 15:10:00', 'CARTAO_CREDITO', 'CONCLUIDO'),
(NULL, 43, 600.00, '2026-06-15 14:40:00', 'CARTAO_DEBITO', 'CONCLUIDO'),
(NULL, 44, 1150.00, '2026-06-20 09:55:00', 'PIX', 'ESTORNADO'),
(NULL, 45, 950.00, '2026-07-01 10:30:00', 'CARTAO_CREDITO', 'CONCLUIDO'),
(NULL, 46, 450.00, '2026-07-05 16:15:00', 'PIX', 'PENDENTE'),
(NULL, 47, 800.00, '2026-07-10 11:20:00', 'CARTAO_CREDITO', 'CONCLUIDO'),
(NULL, 48, 1250.00, '2026-07-15 14:05:00', 'CARTAO_DEBITO', 'CONCLUIDO'),
(NULL, 49, 750.00, '2026-07-20 09:45:00', 'PIX', 'CONCLUIDO'),
(NULL, 50, 1400.00, '2026-08-01 15:50:00', 'CARTAO_CREDITO', 'PENDENTE');